date,location,tweet
2023-01-15,Uganda,This is amazing!
2023-12-10,Uganda,This is terrible.
2023-03-05,Uganda,I love it.
2023-03-15,Uganda,Not bad at all.
2023-04-01,Uganda,This is okay.
2023-04-20,Uganda,This is disappointing.
2023-02-10,Uganda,Such a joyous moment!
2023-05-12,Uganda,How can this happen? I'm furious!
2023-06-15,Uganda,Life is beautiful today!
2023-07-20,Uganda,Unbelievable! This is absurd.
2023-08-05,Uganda,Feeling grateful and happy.
2023-09-12,Uganda,This is absolutely outrageous!
2023-10-18,Uganda,What a wonderful experience!
2023-11-25,Uganda,So frustrating, I can't believe this.
2023-12-01,Uganda,Pure joy! Couldn’t be happier.
2023-01-20,Uganda,This is completely unacceptable.
2023-02-25,Uganda,What an incredible achievement!
2023-03-30,Uganda,Feeling ecstatic right now!
2023-04-15,Uganda,So disappointed. This could’ve been better.
2023-05-22,Uganda,Anger beyond words! Why this?
2023-06-07,Uganda,This is pure bliss.
2023-07-15,Uganda,I’m so mad, this isn’t fair.
2023-08-25,Uganda,Love every bit of this moment!
2023-09-30,Uganda,This just made my day!
2023-10-10,Uganda,Absolutely furious right now.
2023-11-15,Uganda,Over the moon with excitement!
2023-12-20,Uganda,Such an incredible journey!
2023-01-05,Uganda,This is unacceptable, really.
2023-02-18,Uganda,A joyful celebration indeed!
2023-03-25,Uganda,I am so angry, this shouldn’t happen.
2023-04-05,Uganda,Happiest day of my life!
2023-05-10,Uganda,This fills me with so much happiness.
2023-06-20,Uganda,Absolutely livid right now!
2023-07-25,Uganda,Pure and utter joy.
2023-08-30,Uganda,This is infuriating beyond measure.
2023-09-18,Uganda,Couldn’t be happier right now!
2023-10-01,Uganda,This is so disappointing.
2023-11-05,Uganda,Feeling absolutely thrilled!
2023-12-31,Uganda,Ending the year on such a high note!
